lat,lon,cdi_value,cdi_class,severity,date
17.625,74.625,-0.1193,None,0,2024-08-14
17.625,74.875,0.46366,None,0,2024-08-14
17.625,75.125,0.86971,None,0,2024-08-14
17.625,75.375,0.35684,None,0,2024-08-14
17.625,75.625,0.86259,None,0,2024-08-14
17.625,75.875,0.11441,None,0,2024-08-14
17.625,76.125,-0.24416,None,0,2024-08-14
17.625,76.375,0.048955,None,0,2024-08-14
17.625,76.625,-0.47338,None,0,2024-08-14
17.625,76.875,0.15925,None,0,2024-08-14
17.625,77.125,-0.35623,None,0,2024-08-14
17.625,77.375,-0.022932,None,0,2024-08-14
17.625,77.625,-0.40264,None,0,2024-08-14
17.625,77.875,-1.0005,D1,2,2024-08-14
17.875,74.625,0.49041,None,0,2024-08-14
17.875,74.875,0.50374,None,0,2024-08-14
17.875,75.125,-0.27473,None,0,2024-08-14
17.875,75.375,-0.1033,None,0,2024-08-14
17.875,75.625,0.99147,None,0,2024-08-14
17.875,75.875,0.91741,None,0,2024-08-14
17.875,76.125,0.86458,None,0,2024-08-14
17.875,76.375,1.0937,None,0,2024-08-14
17.875,76.625,0.56838,None,0,2024-08-14
17.875,76.875,-0.56021,D0,1,2024-08-14
17.875,77.125,-0.14601,None,0,2024-08-14
17.875,77.375,-0.55067,D0,1,2024-08-14
17.875,77.625,-0.40416,None,0,2024-08-14
17.875,77.875,-0.239,None,0,2024-08-14
18.125,74.625,1.0588,None,0,2024-08-14
18.125,74.875,0.72301,None,0,2024-08-14
18.125,75.125,-0.7929,D1,2,2024-08-14
18.125,75.375,0.40699,None,0,2024-08-14
18.125,75.625,0.95992,None,0,2024-08-14
18.125,75.875,0.78028,None,0,2024-08-14
18.125,76.125,1.8733,None,0,2024-08-14
18.125,76.375,0.99892,None,0,2024-08-14
18.125,76.625,0.30889,None,0,2024-08-14
18.125,76.875,-0.21457,None,0,2024-08-14
18.125,77.125,0.38805,None,0,2024-08-14
18.125,77.375,-0.21597,None,0,2024-08-14
18.125,77.625,0.2276,None,0,2024-08-14
18.125,77.875,0.035732,None,0,2024-08-14
18.375,74.625,1.2397,None,0,2024-08-14
18.375,74.875,1.4645,None,0,2024-08-14
18.375,75.125,1.0164,None,0,2024-08-14
18.375,75.375,1.5646,None,0,2024-08-14
18.375,75.625,0.62801,None,0,2024-08-14
18.375,75.875,0.18028,None,0,2024-08-14
18.375,76.125,0.83452,None,0,2024-08-14
18.375,76.375,0.056029,None,0,2024-08-14
18.375,76.625,0.52895,None,0,2024-08-14
18.375,76.875,0.60047,None,0,2024-08-14
18.375,77.125,0.55348,None,0,2024-08-14
18.375,77.375,0.24366,None,0,2024-08-14
18.375,77.625,-0.19504,None,0,2024-08-14
18.375,77.875,0.4552,None,0,2024-08-14
18.625,74.625,0.90759,None,0,2024-08-14
18.625,74.875,1.5833,None,0,2024-08-14
18.625,75.125,1.8612,None,0,2024-08-14
18.625,75.375,1.235,None,0,2024-08-14
18.625,75.625,0.27015,None,0,2024-08-14
18.625,75.875,0.10583,None,0,2024-08-14
18.625,76.125,0.48345,None,0,2024-08-14
18.625,76.375,0.36378,None,0,2024-08-14
18.625,76.625,0.72181,None,0,2024-08-14
18.625,76.875,0.40656,None,0,2024-08-14
18.625,77.125,0.50615,None,0,2024-08-14
18.625,77.375,0.33882,None,0,2024-08-14
18.625,77.625,0.49584,None,0,2024-08-14
18.625,77.875,0.40888,None,0,2024-08-14
18.875,74.625,0.74084,None,0,2024-08-14
18.875,74.875,1.2458,None,0,2024-08-14
18.875,75.125,0.24243,None,0,2024-08-14
18.875,75.375,0.094626,None,0,2024-08-14
18.875,75.625,-0.21432,None,0,2024-08-14
18.875,75.875,-0.047975,None,0,2024-08-14
18.875,76.125,0.90097,None,0,2024-08-14
18.875,76.375,0.54687,None,0,2024-08-14
18.875,76.625,1.1607,None,0,2024-08-14
18.875,76.875,-0.016905,None,0,2024-08-14
18.875,77.125,0.1473,None,0,2024-08-14
18.875,77.375,-0.44686,None,0,2024-08-14
18.875,77.625,0.59088,None,0,2024-08-14
18.875,77.875,1.1438,None,0,2024-08-14
19.125,74.625,0.60322,None,0,2024-08-14
19.125,74.875,2.127,None,0,2024-08-14
19.125,75.125,0.70283,None,0,2024-08-14
19.125,75.375,-0.30822,None,0,2024-08-14
19.125,75.625,-0.26311,None,0,2024-08-14
19.125,75.875,0.50289,None,0,2024-08-14
19.125,76.125,0.65658,None,0,2024-08-14
19.125,76.375,0.088207,None,0,2024-08-14
19.125,76.625,0.074568,None,0,2024-08-14
19.125,76.875,-0.71803,D1,2,2024-08-14
19.125,77.125,0.43592,None,0,2024-08-14
19.125,77.375,-0.25376,None,0,2024-08-14
19.125,77.625,0.018033,None,0,2024-08-14
19.125,77.875,0.50967,None,0,2024-08-14
19.375,74.625,0.60513,None,0,2024-08-14
19.375,74.875,0.91651,None,0,2024-08-14
19.375,75.125,-0.34291,None,0,2024-08-14
19.375,75.375,-0.44339,None,0,2024-08-14
19.375,75.625,-0.28326,None,0,2024-08-14
19.375,75.875,0.11765,None,0,2024-08-14
19.375,76.125,0.41372,None,0,2024-08-14
19.375,76.375,0.058538,None,0,2024-08-14
19.375,76.625,-0.8125,D1,2,2024-08-14
19.375,76.875,-1.0983,D1,2,2024-08-14
19.375,77.125,-0.44713,None,0,2024-08-14
19.375,77.375,-0.23664,None,0,2024-08-14
19.375,77.625,-0.29278,None,0,2024-08-14
19.375,77.875,0.51105,None,0,2024-08-14
19.625,74.625,0.42797,None,0,2024-08-14
19.625,74.875,0.22016,None,0,2024-08-14
19.625,75.125,-0.26969,None,0,2024-08-14
19.625,75.375,-0.58319,D0,1,2024-08-14
19.625,75.625,-0.47274,None,0,2024-08-14
19.625,75.875,0.18757,None,0,2024-08-14
19.625,76.125,0.11786,None,0,2024-08-14
19.625,76.375,-0.40066,None,0,2024-08-14
19.625,76.625,-1.3879,D2,3,2024-08-14
19.625,76.875,-1.1825,D1,2,2024-08-14
19.625,77.125,-0.88084,D1,2,2024-08-14
19.625,77.375,-0.064212,None,0,2024-08-14
19.625,77.625,-0.0015817,None,0,2024-08-14
19.625,77.875,0.51422,None,0,2024-08-14
19.875,74.625,-0.031011,None,0,2024-08-14
19.875,74.875,-0.33914,None,0,2024-08-14
19.875,75.125,-0.91423,D1,2,2024-08-14
19.875,75.375,-0.7835,D1,2,2024-08-14
19.875,75.625,-0.21536,None,0,2024-08-14
19.875,75.875,0.029617,None,0,2024-08-14
19.875,76.125,-0.15414,None,0,2024-08-14
19.875,76.375,-0.26439,None,0,2024-08-14
19.875,76.625,-0.32842,None,0,2024-08-14
19.875,76.875,0.14466,None,0,2024-08-14
19.875,77.125,0.27082,None,0,2024-08-14
19.875,77.375,0.53994,None,0,2024-08-14
19.875,77.625,1.2771,None,0,2024-08-14
19.875,77.875,0.58489,None,0,2024-08-14
20.125,74.625,-0.24273,None,0,2024-08-14
20.125,74.875,-0.3223,None,0,2024-08-14
20.125,75.125,-0.88975,D1,2,2024-08-14
20.125,75.375,-0.52266,D0,1,2024-08-14
20.125,75.625,-0.34054,None,0,2024-08-14
20.125,75.875,-0.34342,None,0,2024-08-14
20.125,76.125,-0.31341,None,0,2024-08-14
20.125,76.375,-0.02325,None,0,2024-08-14
20.125,76.625,0.81905,None,0,2024-08-14
20.125,76.875,0.67056,None,0,2024-08-14
20.125,77.125,0.61016,None,0,2024-08-14
20.125,77.375,1.0082,None,0,2024-08-14
20.125,77.625,1.8013,None,0,2024-08-14
20.125,77.875,0.90426,None,0,2024-08-14
20.375,74.625,-0.53158,D0,1,2024-08-14
20.375,74.875,-0.25216,None,0,2024-08-14
20.375,75.125,-0.092175,None,0,2024-08-14
20.375,75.375,0.035656,None,0,2024-08-14
20.375,75.625,-0.026043,None,0,2024-08-14
20.375,75.875,0.010772,None,0,2024-08-14
20.375,76.125,0.083669,None,0,2024-08-14
20.375,76.375,0.90488,None,0,2024-08-14
20.375,76.625,0.81509,None,0,2024-08-14
20.375,76.875,0.77041,None,0,2024-08-14
20.375,77.125,0.34069,None,0,2024-08-14
20.375,77.375,0.88021,None,0,2024-08-14
20.375,77.625,1.262,None,0,2024-08-14
20.375,77.875,1.277,None,0,2024-08-14
17.625,74.625,0.14196,None,0,2024-08-21
17.625,74.875,0.73145,None,0,2024-08-21
17.625,75.125,0.95476,None,0,2024-08-21
17.625,75.375,0.651,None,0,2024-08-21
17.625,75.625,0.99498,None,0,2024-08-21
17.625,75.875,0.23984,None,0,2024-08-21
17.625,76.125,-0.14924,None,0,2024-08-21
17.625,76.375,0.088468,None,0,2024-08-21
17.625,76.625,-0.42435,None,0,2024-08-21
17.625,76.875,0.21685,None,0,2024-08-21
17.625,77.125,-0.51191,D0,1,2024-08-21
17.625,77.375,-0.12613,None,0,2024-08-21
17.625,77.625,-0.38171,None,0,2024-08-21
17.625,77.875,-1.0008,D1,2,2024-08-21
17.875,74.625,0.90764,None,0,2024-08-21
17.875,74.875,0.827,None,0,2024-08-21
17.875,75.125,-0.18185,None,0,2024-08-21
17.875,75.375,0.092945,None,0,2024-08-21
17.875,75.625,1.0343,None,0,2024-08-21
17.875,75.875,0.91824,None,0,2024-08-21
17.875,76.125,0.85606,None,0,2024-08-21
17.875,76.375,0.82083,None,0,2024-08-21
17.875,76.625,0.37651,None,0,2024-08-21
17.875,76.875,-0.51295,D0,1,2024-08-21
17.875,77.125,-0.12688,None,0,2024-08-21
17.875,77.375,-0.66516,D0,1,2024-08-21
17.875,77.625,-0.49044,None,0,2024-08-21
17.875,77.875,-0.16863,None,0,2024-08-21
18.125,74.625,1.4642,None,0,2024-08-21
18.125,74.875,1.0164,None,0,2024-08-21
18.125,75.125,-0.62766,D0,1,2024-08-21
18.125,75.375,0.63609,None,0,2024-08-21
18.125,75.625,0.99917,None,0,2024-08-21
18.125,75.875,0.77566,None,0,2024-08-21
18.125,76.125,1.8653,None,0,2024-08-21
18.125,76.375,0.86832,None,0,2024-08-21
18.125,76.625,0.20444,None,0,2024-08-21
18.125,76.875,-0.16826,None,0,2024-08-21
18.125,77.125,0.3927,None,0,2024-08-21
18.125,77.375,-0.54472,D0,1,2024-08-21
18.125,77.625,-0.1419,None,0,2024-08-21
18.125,77.875,-0.13984,None,0,2024-08-21
18.375,74.625,1.4491,None,0,2024-08-21
18.375,74.875,1.5801,None,0,2024-08-21
18.375,75.125,1.2695,None,0,2024-08-21
18.375,75.375,1.8228,None,0,2024-08-21
18.375,75.625,0.68248,None,0,2024-08-21
18.375,75.875,0.20868,None,0,2024-08-21
18.375,76.125,0.78279,None,0,2024-08-21
18.375,76.375,-0.03513,None,0,2024-08-21
18.375,76.625,0.40329,None,0,2024-08-21
18.375,76.875,0.71354,None,0,2024-08-21
18.375,77.125,0.17201,None,0,2024-08-21
18.375,77.375,-0.072331,None,0,2024-08-21
18.375,77.625,-0.40495,None,0,2024-08-21
18.375,77.875,0.22522,None,0,2024-08-21
18.625,74.625,1.38,None,0,2024-08-21
18.625,74.875,1.9222,None,0,2024-08-21
18.625,75.125,2.0907,None,0,2024-08-21
18.625,75.375,1.4939,None,0,2024-08-21
18.625,75.625,0.36683,None,0,2024-08-21
18.625,75.875,0.21603,None,0,2024-08-21
18.625,76.125,0.36024,None,0,2024-08-21
18.625,76.375,0.22302,None,0,2024-08-21
18.625,76.625,0.5108,None,0,2024-08-21
18.625,76.875,0.26718,None,0,2024-08-21
18.625,77.125,0.13791,None,0,2024-08-21
18.625,77.375,0.13105,None,0,2024-08-21
18.625,77.625,0.298,None,0,2024-08-21
18.625,77.875,0.23725,None,0,2024-08-21
18.875,74.625,1.1409,None,0,2024-08-21
18.875,74.875,1.4795,None,0,2024-08-21
18.875,75.125,0.36157,None,0,2024-08-21
18.875,75.375,0.26794,None,0,2024-08-21
18.875,75.625,-0.10852,None,0,2024-08-21
18.875,75.875,-0.14175,None,0,2024-08-21
18.875,76.125,0.66605,None,0,2024-08-21
18.875,76.375,0.32403,None,0,2024-08-21
18.875,76.625,0.89352,None,0,2024-08-21
18.875,76.875,-0.18812,None,0,2024-08-21
18.875,77.125,-0.074944,None,0,2024-08-21
18.875,77.375,-0.42751,None,0,2024-08-21
18.875,77.625,0.37602,None,0,2024-08-21
18.875,77.875,0.70506,None,0,2024-08-21
19.125,74.625,0.95316,None,0,2024-08-21
19.125,74.875,2.1164,None,0,2024-08-21
19.125,75.125,0.77665,None,0,2024-08-21
19.125,75.375,-0.31044,None,0,2024-08-21
19.125,75.625,-0.31435,None,0,2024-08-21
19.125,75.875,0.26994,None,0,2024-08-21
19.125,76.125,0.38315,None,0,2024-08-21
19.125,76.375,-0.067584,None,0,2024-08-21
19.125,76.625,-0.16443,None,0,2024-08-21
19.125,76.875,-0.82573,D1,2,2024-08-21
19.125,77.125,0.11239,None,0,2024-08-21
19.125,77.375,-0.33429,None,0,2024-08-21
19.125,77.625,-0.25297,None,0,2024-08-21
19.125,77.875,0.24642,None,0,2024-08-21
19.375,74.625,0.89736,None,0,2024-08-21
19.375,74.875,1.1317,None,0,2024-08-21
19.375,75.125,-0.099826,None,0,2024-08-21
19.375,75.375,-0.49247,None,0,2024-08-21
19.375,75.625,-0.43305,None,0,2024-08-21
19.375,75.875,0.053133,None,0,2024-08-21
19.375,76.125,0.18052,None,0,2024-08-21
19.375,76.375,-0.1347,None,0,2024-08-21
19.375,76.625,-0.87003,D1,2,2024-08-21
19.375,76.875,-1.0829,D1,2,2024-08-21
19.375,77.125,-0.58171,D0,1,2024-08-21
19.375,77.375,-0.42189,None,0,2024-08-21
19.375,77.625,-0.52608,D0,1,2024-08-21
19.375,77.875,0.24585,None,0,2024-08-21
19.625,74.625,0.67728,None,0,2024-08-21
19.625,74.875,0.52504,None,0,2024-08-21
19.625,75.125,-0.18358,None,0,2024-08-21
19.625,75.375,-0.66541,D0,1,2024-08-21
19.625,75.625,-0.56733,D0,1,2024-08-21
19.625,75.875,0.21895,None,0,2024-08-21
19.625,76.125,0.072845,None,0,2024-08-21
19.625,76.375,-0.46541,None,0,2024-08-21
19.625,76.625,-1.3177,D2,3,2024-08-21
19.625,76.875,-1.0963,D1,2,2024-08-21
19.625,77.125,-0.84008,D1,2,2024-08-21
19.625,77.375,-0.1444,None,0,2024-08-21
19.625,77.625,-0.24815,None,0,2024-08-21
19.625,77.875,0.2574,None,0,2024-08-21
19.875,74.625,0.02749,None,0,2024-08-21
19.875,74.875,-0.31498,None,0,2024-08-21
19.875,75.125,-0.78636,D1,2,2024-08-21
19.875,75.375,-0.58596,D0,1,2024-08-21
19.875,75.625,-0.068247,None,0,2024-08-21
19.875,75.875,0.15134,None,0,2024-08-21
19.875,76.125,-0.047668,None,0,2024-08-21
19.875,76.375,-0.16498,None,0,2024-08-21
19.875,76.625,-0.29758,None,0,2024-08-21
19.875,76.875,0.20099,None,0,2024-08-21
19.875,77.125,0.21892,None,0,2024-08-21
19.875,77.375,0.41419,None,0,2024-08-21
19.875,77.625,1.1049,None,0,2024-08-21
19.875,77.875,0.41346,None,0,2024-08-21
20.125,74.625,0.096432,None,0,2024-08-21
20.125,74.875,-0.20888,None,0,2024-08-21
20.125,75.125,-0.72424,D1,2,2024-08-21
20.125,75.375,-0.30889,None,0,2024-08-21
20.125,75.625,-0.18463,None,0,2024-08-21
20.125,75.875,-0.23284,None,0,2024-08-21
20.125,76.125,-0.18731,None,0,2024-08-21
20.125,76.375,0.039357,None,0,2024-08-21
20.125,76.625,0.85869,None,0,2024-08-21
20.125,76.875,0.72164,None,0,2024-08-21
20.125,77.125,0.68825,None,0,2024-08-21
20.125,77.375,0.92108,None,0,2024-08-21
20.125,77.625,1.6354,None,0,2024-08-21
20.125,77.875,0.66805,None,0,2024-08-21
20.375,74.625,-0.17566,None,0,2024-08-21
20.375,74.875,-0.085302,None,0,2024-08-21
20.375,75.125,-0.20146,None,0,2024-08-21
20.375,75.375,-0.1186,None,0,2024-08-21
20.375,75.625,-0.0095865,None,0,2024-08-21
20.375,75.875,0.13092,None,0,2024-08-21
20.375,76.125,0.16614,None,0,2024-08-21
20.375,76.375,0.77701,None,0,2024-08-21
20.375,76.625,0.77934,None,0,2024-08-21
20.375,76.875,0.73559,None,0,2024-08-21
20.375,77.125,0.41639,None,0,2024-08-21
20.375,77.375,0.79844,None,0,2024-08-21
20.375,77.625,0.96993,None,0,2024-08-21
20.375,77.875,1.04,None,0,2024-08-21
